id,user_name,gender,frame_id,frame_timestamp,hand_id,hand_is_right,hand_palm_pos_x,hand_palm_pos_y,hand_palm_pos_z,hand_pitch,hand_roll,hand_yaw,arm_dir_x,arm_dir_y,arm_dir_z,wrist_pos_x,wrist_pos_y,wrist_pos_z,elbow_pos_x,elbow_pos_y,elbow_pos_z,thumb_id,thumb_len,thumb_wid,thumb_met_st_pos_x,thumb_met_st_pos_y,thumb_met_st_pos_z,thumb_met_ed_pos_x,thumb_met_ed_pos_y,thumb_met_ed_pos_z,thumb_met_dir_x,thumb_met_dir_y,thumb_met_dir_z,thumb_pro_st_pos_x,thumb_pro_st_pos_y,thumb_pro_st_pos_z,thumb_pro_ed_pos_x,thumb_pro_ed_pos_y,thumb_pro_ed_pos_z,thumb_pro_dir_x,thumb_pro_dir_y,thumb_pro_dir_z,thumb_mid_st_pos_x,thumb_mid_st_pos_y,thumb_mid_st_pos_z,thumb_mid_ed_pos_x,thumb_mid_ed_pos_y,thumb_mid_ed_pos_z,thumb_mid_dir_x,thumb_mid_dir_y,thumb_mid_dir_z,thumb_dis_st_pos_x,thumb_dis_st_pos_y,thumb_dis_st_pos_z,thumb_dis_ed_pos_x,thumb_dis_ed_pos_y,thumb_dis_ed_pos_z,thumb_dis_dir_x,thumb_dis_dir_y,thumb_dis_dir_z,index_id,index_len,index_wid,index_met_st_pos_x,index_met_st_pos_y,index_met_st_pos_z,index_met_ed_pos_x,index_met_ed_pos_y,index_met_ed_pos_z,index_met_dir_x,index_met_dir_y,index_met_dir_z,index_pro_st_pos_x,index_pro_st_pos_y,index_pro_st_pos_z,index_pro_ed_pos_x,index_pro_ed_pos_y,index_pro_ed_pos_z,index_pro_dir_x,index_pro_dir_y,index_pro_dir_z,index_mid_st_pos_x,index_mid_st_pos_y,index_mid_st_pos_z,index_mid_ed_pos_x,index_mid_ed_pos_y,index_mid_ed_pos_z,index_mid_dir_x,index_mid_dir_y,index_mid_dir_z,index_dis_st_pos_x,index_dis_st_pos_y,index_dis_st_pos_z,index_dis_ed_pos_x,index_dis_ed_pos_y,index_dis_ed_pos_z,index_dis_dir_x,index_dis_dir_y,index_dis_dir_z,middle_id,middle_len,middle_wid,middle_met_st_pos_x,middle_met_st_pos_y,middle_met_st_pos_z,middle_met_ed_pos_x,middle_met_ed_pos_y,middle_met_ed_pos_z,middle_met_dir_x,middle_met_dir_y,middle_met_dir_z,middle_pro_st_pos_x,middle_pro_st_pos_y,middle_pro_st_pos_z,middle_pro_ed_pos_x,middle_pro_ed_pos_y,middle_pro_ed_pos_z,middle_pro_dir_x,middle_pro_dir_y,middle_pro_dir_z,middle_mid_st_pos_x,middle_mid_st_pos_y,middle_mid_st_pos_z,middle_mid_ed_pos_x,middle_mid_ed_pos_y,middle_mid_ed_pos_z,middle_mid_dir_x,middle_mid_dir_y,middle_mid_dir_z,middle_dis_st_pos_x,middle_dis_st_pos_y,middle_dis_st_pos_z,middle_dis_ed_pos_x,middle_dis_ed_pos_y,middle_dis_ed_pos_z,middle_dis_dir_x,middle_dis_dir_y,middle_dis_dir_z,ring_id,ring_len,ring_wid,ring_met_st_pos_x,ring_met_st_pos_y,ring_met_st_pos_z,ring_met_ed_pos_x,ring_met_ed_pos_y,ring_met_ed_pos_z,ring_met_dir_x,ring_met_dir_y,ring_met_dir_z,ring_pro_st_pos_x,ring_pro_st_pos_y,ring_pro_st_pos_z,ring_pro_ed_pos_x,ring_pro_ed_pos_y,ring_pro_ed_pos_z,ring_pro_dir_x,ring_pro_dir_y,ring_pro_dir_z,ring_mid_st_pos_x,ring_mid_st_pos_y,ring_mid_st_pos_z,ring_mid_ed_pos_x,ring_mid_ed_pos_y,ring_mid_ed_pos_z,ring_mid_dir_x,ring_mid_dir_y,ring_mid_dir_z,ring_dis_st_pos_x,ring_dis_st_pos_y,ring_dis_st_pos_z,ring_dis_ed_pos_x,ring_dis_ed_pos_y,ring_dis_ed_pos_z,ring_dis_dir_x,ring_dis_dir_y,ring_dis_dir_z,pinky_id,pinky_len,pinky_wid,pinky_met_st_pos_x,pinky_met_st_pos_y,pinky_met_st_pos_z,pinky_met_ed_pos_x,pinky_met_ed_pos_y,pinky_met_ed_pos_z,pinky_met_dir_x,pinky_met_dir_y,pinky_met_dir_z,pinky_pro_st_pos_x,pinky_pro_st_pos_y,pinky_pro_st_pos_z,pinky_pro_ed_pos_x,pinky_pro_ed_pos_y,pinky_pro_ed_pos_z,pinky_pro_dir_x,pinky_pro_dir_y,pinky_pro_dir_z,pinky_mid_st_pos_x,pinky_mid_st_pos_y,pinky_mid_st_pos_z,pinky_mid_ed_pos_x,pinky_mid_ed_pos_y,pinky_mid_ed_pos_z,pinky_mid_dir_x,pinky_mid_dir_y,pinky_mid_dir_z,pinky_dis_st_pos_x,pinky_dis_st_pos_y,pinky_dis_st_pos_z,pinky_dis_ed_pos_x,pinky_dis_ed_pos_y,pinky_dis_ed_pos_z,pinky_dis_dir_x,pinky_dis_dir_y,pinky_dis_dir_z
0,,m,1348,65567048423,4,1,4.40132,149.106,-18.6774,7.4343,-5.85068,-26.9545,-0.699066,0.60104,-0.387371,45.3754,139.335,35.6049,217.729,-8.85064,131.11,45.7806,17.2823,51.7883,11.3027,138.203,33.6893,11.3027,138.203,33.6893,0,0,0,11.3027,138.203,33.6893,-32.6572,138.391,26.2952,0.986139,-0.00420853,0.165868,-32.6572,138.391,26.2952,-62.1529,138.188,20.7229,0.982596,0.00675606,0.185634,-62.1529,138.188,20.7229,-75.8,135.493,13.3099,0.865795,0.170958,0.47029,51.7883,16.5081,59.3253,15.2272,157.485,25.9281,-25.171,155.781,-27.7246,0.601319,0.0253599,0.798607,-25.171,155.781,-27.7246,-50.1332,162.477,-55.6351,0.656229,-0.176033,0.733741,-50.1332,162.477,-55.6351,-64.1075,157.929,-70.9568,0.65823,0.214224,0.721694,-64.1075,157.929,-70.9568,-69.5801,149.573,-76.7326,0.474282,0.724223,0.500557,59.3253,16.2131,56.9333,23.4084,158.553,18.2447,-7.5764,156.559,-37.3889,0.486331,0.0312951,0.873214,-7.5764,156.559,-37.3889,-24.0851,167.073,-75.5178,0.385185,-0.245315,0.889637,-24.0851,167.073,-75.5178,-35.4075,166.915,-97.9856,0.45002,0.0062879,0.892996,-35.4075,166.915,-97.9856,-41.6273,161.126,-107.472,0.48837,0.454572,0.744888,56.9333,15.4278,44.7994,32.1346,155.557,12.2038,12.1507,153.246,-41.3441,0.349357,0.0404005,0.936118,12.1507,153.246,-41.3441,6.67551,163.189,-79.3317,0.138097,-0.250806,0.958136,6.67551,163.189,-79.3317,1.35843,163.758,-103.178,0.217573,-0.0232689,0.975767,1.35843,163.758,-103.178,-2.76551,158.929,-114.143,0.325451,0.381058,0.865377,44.7994,13.7042,11.3027,41.5512,147.197,8.91295,30.2762,146.756,-42.8222,0.212931,0.00833204,0.977032,30.2762,146.756,-42.8222,37.1048,152.496,-73.0654,-0.216564,-0.182037,0.959147,37.1048,152.496,-73.0654,38.6591,151.704,-90.2505,-0.089981,0.0458628,0.994887,38.6591,151.704,-90.2505,36.9771,146.668,-100.744,0.14302,0.428244,0.892274,
0,,m,1328,65566566554,4,1,-0.0457987,146.959,-19.4112,7.15807,-5.73342,-26.8774,-0.70792,0.595499,-0.379776,40.9428,137.496,34.8189,215.308,-9.1797,128.36,45.9704,17.2641,52.1065,6.51123,136.27,32.9838,6.51123,136.27,32.9838,0,0,0,6.51123,136.27,32.9838,-37.4504,136.932,25.299,0.984954,-0.0148239,0.172178,-37.4504,136.932,25.299,-67.1507,137.488,20.2452,0.985662,-0.0184656,0.167721,-67.1507,137.488,20.2452,-81.7645,135.236,14.5698,0.922705,0.142164,0.358335,52.1065,16.4906,59.7112,10.6167,155.519,25.1513,-29.6661,153.537,-28.4958,0.600191,0.0295295,0.799311,-29.6661,153.537,-28.4958,-54.8877,159.534,-56.6101,0.659514,-0.156817,0.735153,-54.8877,159.534,-56.6101,-69.1224,155.74,-72.0993,0.665919,0.177481,0.724605,-69.1224,155.74,-72.0993,-75.477,148.645,-78.736,0.547386,0.611183,0.571686,59.7112,16.196,57.3123,18.813,156.495,17.4451,-12.0623,154.233,-38.1672,0.485092,0.0355259,0.873741,-12.0623,154.233,-38.1672,-28.8151,163.74,-76.7139,0.388772,-0.220624,0.894528,-28.8151,163.74,-76.7139,-40.1495,163.653,-99.3659,0.447475,0.00344458,0.89429,-40.1495,163.653,-99.3659,-46.4529,158.918,-109.495,0.491077,0.368923,0.789139,57.3123,15.4115,44.9892,27.5764,153.533,11.3879,7.68883,150.983,-42.1248,0.348016,0.044606,0.936427,7.68883,150.983,-42.1248,1.99341,159.771,-80.5882,0.142874,-0.220433,0.964882,1.99341,159.771,-80.5882,-3.33769,160.153,-104.617,0.216572,-0.0155409,0.976143,-3.33769,160.153,-104.617,-7.34562,156.065,-116.026,0.313983,0.320236,0.893792,44.9892,13.6897,6.51123,37.098,145.322,8.14171,25.9048,144.664,-43.5555,0.211596,0.0124308,0.977278,25.9048,144.664,-43.5555,32.5306,149.35,-74.1219,-0.20951,-0.14817,0.966515,32.5306,149.35,-74.1219,34.1866,148.404,-91.3849,-0.0953461,0.054465,0.993953,34.1866,148.404,-91.3849,32.978,143.945,-102.252,0.102347,0.37762,0.920287,
0,,m,1333,65566690691,4,1,0.239278,147.016,-18.9118,6.96927,-5.67566,-27.0613,-0.710676,0.591191,-0.381357,41.4251,137.786,35.2397,216.509,-7.86095,129.192,45.9892,17.2497,52.1666,6.96572,136.469,33.4896,6.96572,136.469,33.4896,0,0,0,6.96572,136.469,33.4896,-37.0698,136.815,26.1253,0.986273,-0.00775577,0.164939,-37.0698,136.815,26.1253,-66.755,136.876,20.8813,0.984751,-0.00202777,0.173959,-66.755,136.876,20.8813,-81.3461,134.89,15.0335,0.920905,0.125345,0.369083,52.1666,16.4769,59.7629,11.0285,155.719,25.5979,-29.4342,153.533,-27.9248,0.602734,0.032566,0.797277,-29.4342,153.533,-27.9248,-54.6244,159.858,-56.0495,0.658008,-0.165224,0.734661,-54.6244,159.858,-56.0495,-68.8714,156.353,-71.6316,0.665672,0.163746,0.728057,-68.8714,156.353,-71.6316,-75.2404,149.33,-78.355,0.547974,0.604245,0.578457,59.7629,16.1825,57.35,19.2065,156.683,17.8609,-11.8527,154.223,-37.6571,0.487869,0.0386373,0.872061,-11.8527,154.223,-37.6571,-28.6698,163.997,-76.1483,0.389947,-0.226625,0.892515,-28.6698,163.997,-76.1483,-40.0101,163.969,-98.8225,0.447316,0.00107676,0.894376,-40.0101,163.969,-98.8225,-46.2704,159.111,-108.935,0.487272,0.378159,0.787123,57.35,15.3987,44.9923,27.9584,153.714,11.7826,7.89649,150.985,-41.6701,0.350986,0.0477315,0.935163,7.89649,150.985,-41.6701,2.18707,160.114,-80.0786,0.143132,-0.228855,0.96288,2.18707,160.114,-80.0786,-3.14789,160.61,-104.122,0.21658,-0.0201321,0.976057,-3.14789,160.61,-104.122,-7.15601,156.435,-115.508,0.313806,0.326926,0.891429,44.9923,13.6783,6.96572,37.4784,145.494,8.53993,26.1164,144.674,-43.1304,0.214738,0.0155085,0.976549,26.1164,144.674,-43.1304,32.7716,149.691,-73.6426,-0.210407,-0.158627,0.964659,32.7716,149.691,-73.6426,34.4057,148.842,-90.9131,-0.0940872,0.0488817,0.994363,34.4057,148.842,-90.9131,33.1193,144.323,-101.747,0.108936,0.382634,0.917455,
0,,m,1338,65566813973,4,1,1.23538,147.482,-18.8698,7.12459,-5.83944,-27.0065,-0.719608,0.572852,-0.392435,42.4348,138.309,35.3836,219.762,-2.85368,132.088,45.9151,17.2437,52.0044,7.97866,136.845,33.6316,7.97866,136.845,33.6316,0,0,0,7.97866,136.845,33.6316,-36.0302,136.764,26.2435,0.986198,0.00181807,0.16556,-36.0302,136.764,26.2435,-65.6044,136.378,20.6523,0.982513,0.0127999,0.185753,-65.6044,136.378,20.6523,-79.822,134.15,14.095,0.899019,0.140873,0.414633,52.0044,16.4712,59.5741,12.0537,156.092,25.6575,-28.3856,154.092,-27.9111,0.602237,0.0297824,0.797761,-28.3856,154.092,-27.9111,-53.3833,160.709,-56.0063,0.654667,-0.173284,0.735788,-53.3833,160.709,-56.0063,-67.5033,156.618,-71.4597,0.662014,0.191808,0.724532,-67.5033,156.618,-71.4597,-73.5587,149.037,-77.7876,0.522753,0.654451,0.546281,59.5741,16.1769,57.188,20.2347,157.081,17.9392,-10.7982,154.783,-37.6185,0.487335,0.0360899,0.872469,-10.7982,154.783,-37.6185,-27.3425,165.055,-75.9723,0.384621,-0.238818,0.891646,-27.3425,165.055,-75.9723,-38.6557,164.768,-98.5658,0.447705,0.0113698,0.894109,-38.6557,164.768,-98.5658,-44.8673,159.331,-108.345,0.485377,0.42485,0.764141,57.188,15.3933,44.9233,28.9704,154.083,11.8742,8.93527,151.482,-41.61,0.350432,0.0454995,0.935483,8.93527,151.482,-41.61,3.50206,161.025,-79.8596,0.136531,-0.239794,0.961175,3.50206,161.025,-79.8596,-1.77541,161.318,-103.841,0.214905,-0.0119319,0.976562,-1.77541,161.318,-103.841,-5.82428,156.538,-114.927,0.317974,0.375353,0.870634,44.9233,13.6736,7.97866,38.44,145.802,8.61724,27.111,145.082,-43.0753,0.214061,0.0136182,0.976725,27.111,145.082,-43.0753,34.0161,150.266,-73.4678,-0.218548,-0.164075,0.961934,34.0161,150.266,-73.4678,35.572,149.112,-90.6939,-0.0897587,0.0665232,0.993739,35.572,149.112,-90.6939,34.0196,144.076,-101.241,0.131663,0.427163,0.894537,
0,,m,1343,65566933366,4,1,3.14819,147.808,-18.7639,7.90694,-5.84204,-26.8677,-0.712245,0.58246,-0.391724,44.1144,137.839,35.5447,219.671,-5.72777,132.098,45.8883,17.2763,51.947,9.83831,136.454,33.4733,9.83831,136.454,33.4733,0,0,0,9.83831,136.454,33.4733,-34.1688,137.418,26.193,0.98636,-0.0216127,0.163179,-34.1688,137.418,26.193,-63.8042,137.916,21.0473,0.985123,-0.0165568,0.171048,-63.8042,137.916,21.0473,-77.9762,135.58,14.4515,0.896657,0.147826,0.417318,51.947,16.5023,59.5065,13.8443,155.828,25.9337,-26.4371,154.574,-27.7972,0.599735,0.0186721,0.79998,-26.4371,154.574,-27.7972,-51.6566,161.074,-55.6656,0.661175,-0.170405,0.730623,-51.6566,161.074,-55.6656,-65.7311,156.971,-71.1207,0.66071,0.192579,0.725518,-65.7311,156.971,-71.1207,-71.4937,149.128,-77.3824,0.497933,0.677734,0.541053,59.5065,16.2074,57.1637,22.0453,156.897,18.2643,-8.82118,155.37,-37.4308,0.4846,0.0239736,0.874407,-8.82118,155.37,-37.4308,-25.3844,165.674,-75.7225,0.385423,-0.239787,0.891039,-25.3844,165.674,-75.7225,-36.6696,165.602,-98.2983,0.447125,0.00288498,0.894467,-36.6696,165.602,-98.2983,-42.8855,160.186,-108.064,0.486379,0.423781,0.764098,57.1637,15.4224,44.9691,30.7934,153.959,12.1865,10.9208,152.098,-41.4044,0.347501,0.0325427,0.937115,10.9208,152.098,-41.4044,5.575,161.688,-79.6422,0.134375,-0.241065,0.961161,5.575,161.688,-79.6422,0.417013,162.194,-103.634,0.210141,-0.0206216,0.977454,0.417013,162.194,-103.634,-3.57751,157.535,-114.784,0.313864,0.36608,0.876056,44.9691,13.6994,9.83831,40.2774,145.716,8.83299,29.1078,145.709,-42.9128,0.210997,0.000124232,0.977487,29.1078,145.709,-42.9128,36.0808,151.151,-73.2715,-0.220516,-0.172113,0.960078,36.0808,151.151,-73.2715,37.8066,150.308,-90.5203,-0.0994432,0.0485763,0.993857,37.8066,150.308,-90.5203,36.4465,145.526,-101.225,0.115239,0.40518,0.906945,
id,user_name,gender,frame_id,frame_timestamp,hand_id,hand_is_right,hand_palm_pos_x,hand_palm_pos_y,hand_palm_pos_z,hand_pitch,hand_roll,hand_yaw,arm_dir_x,arm_dir_y,arm_dir_z,wrist_pos_x,wrist_pos_y,wrist_pos_z,elbow_pos_x,elbow_pos_y,elbow_pos_z,thumb_id,thumb_len,thumb_wid,thumb_met_st_pos_x,thumb_met_st_pos_y,thumb_met_st_pos_z,thumb_met_ed_pos_x,thumb_met_ed_pos_y,thumb_met_ed_pos_z,thumb_met_dir_x,thumb_met_dir_y,thumb_met_dir_z,thumb_pro_st_pos_x,thumb_pro_st_pos_y,thumb_pro_st_pos_z,thumb_pro_ed_pos_x,thumb_pro_ed_pos_y,thumb_pro_ed_pos_z,thumb_pro_dir_x,thumb_pro_dir_y,thumb_pro_dir_z,thumb_mid_st_pos_x,thumb_mid_st_pos_y,thumb_mid_st_pos_z,thumb_mid_ed_pos_x,thumb_mid_ed_pos_y,thumb_mid_ed_pos_z,thumb_mid_dir_x,thumb_mid_dir_y,thumb_mid_dir_z,thumb_dis_st_pos_x,thumb_dis_st_pos_y,thumb_dis_st_pos_z,thumb_dis_ed_pos_x,thumb_dis_ed_pos_y,thumb_dis_ed_pos_z,thumb_dis_dir_x,thumb_dis_dir_y,thumb_dis_dir_z,index_id,index_len,index_wid,index_met_st_pos_x,index_met_st_pos_y,index_met_st_pos_z,index_met_ed_pos_x,index_met_ed_pos_y,index_met_ed_pos_z,index_met_dir_x,index_met_dir_y,index_met_dir_z,index_pro_st_pos_x,index_pro_st_pos_y,index_pro_st_pos_z,index_pro_ed_pos_x,index_pro_ed_pos_y,index_pro_ed_pos_z,index_pro_dir_x,index_pro_dir_y,index_pro_dir_z,index_mid_st_pos_x,index_mid_st_pos_y,index_mid_st_pos_z,index_mid_ed_pos_x,index_mid_ed_pos_y,index_mid_ed_pos_z,index_mid_dir_x,index_mid_dir_y,index_mid_dir_z,index_dis_st_pos_x,index_dis_st_pos_y,index_dis_st_pos_z,index_dis_ed_pos_x,index_dis_ed_pos_y,index_dis_ed_pos_z,index_dis_dir_x,index_dis_dir_y,index_dis_dir_z,middle_id,middle_len,middle_wid,middle_met_st_pos_x,middle_met_st_pos_y,middle_met_st_pos_z,middle_met_ed_pos_x,middle_met_ed_pos_y,middle_met_ed_pos_z,middle_met_dir_x,middle_met_dir_y,middle_met_dir_z,middle_pro_st_pos_x,middle_pro_st_pos_y,middle_pro_st_pos_z,middle_pro_ed_pos_x,middle_pro_ed_pos_y,middle_pro_ed_pos_z,middle_pro_dir_x,middle_pro_dir_y,middle_pro_dir_z,middle_mid_st_pos_x,middle_mid_st_pos_y,middle_mid_st_pos_z,middle_mid_ed_pos_x,middle_mid_ed_pos_y,middle_mid_ed_pos_z,middle_mid_dir_x,middle_mid_dir_y,middle_mid_dir_z,middle_dis_st_pos_x,middle_dis_st_pos_y,middle_dis_st_pos_z,middle_dis_ed_pos_x,middle_dis_ed_pos_y,middle_dis_ed_pos_z,middle_dis_dir_x,middle_dis_dir_y,middle_dis_dir_z,ring_id,ring_len,ring_wid,ring_met_st_pos_x,ring_met_st_pos_y,ring_met_st_pos_z,ring_met_ed_pos_x,ring_met_ed_pos_y,ring_met_ed_pos_z,ring_met_dir_x,ring_met_dir_y,ring_met_dir_z,ring_pro_st_pos_x,ring_pro_st_pos_y,ring_pro_st_pos_z,ring_pro_ed_pos_x,ring_pro_ed_pos_y,ring_pro_ed_pos_z,ring_pro_dir_x,ring_pro_dir_y,ring_pro_dir_z,ring_mid_st_pos_x,ring_mid_st_pos_y,ring_mid_st_pos_z,ring_mid_ed_pos_x,ring_mid_ed_pos_y,ring_mid_ed_pos_z,ring_mid_dir_x,ring_mid_dir_y,ring_mid_dir_z,ring_dis_st_pos_x,ring_dis_st_pos_y,ring_dis_st_pos_z,ring_dis_ed_pos_x,ring_dis_ed_pos_y,ring_dis_ed_pos_z,ring_dis_dir_x,ring_dis_dir_y,ring_dis_dir_z,pinky_id,pinky_len,pinky_wid,pinky_met_st_pos_x,pinky_met_st_pos_y,pinky_met_st_pos_z,pinky_met_ed_pos_x,pinky_met_ed_pos_y,pinky_met_ed_pos_z,pinky_met_dir_x,pinky_met_dir_y,pinky_met_dir_z,pinky_pro_st_pos_x,pinky_pro_st_pos_y,pinky_pro_st_pos_z,pinky_pro_ed_pos_x,pinky_pro_ed_pos_y,pinky_pro_ed_pos_z,pinky_pro_dir_x,pinky_pro_dir_y,pinky_pro_dir_z,pinky_mid_st_pos_x,pinky_mid_st_pos_y,pinky_mid_st_pos_z,pinky_mid_ed_pos_x,pinky_mid_ed_pos_y,pinky_mid_ed_pos_z,pinky_mid_dir_x,pinky_mid_dir_y,pinky_mid_dir_z,pinky_dis_st_pos_x,pinky_dis_st_pos_y,pinky_dis_st_pos_z,pinky_dis_ed_pos_x,pinky_dis_ed_pos_y,pinky_dis_ed_pos_z,pinky_dis_dir_x,pinky_dis_dir_y,pinky_dis_dir_z
0,,m,30335,87785889978,58,1,-42.2168,151.475,19.5423,-12.2892,1.84862,-0.350941,-0.28461,-0.0382216,-0.957881,-31.9722,168.898,87.5442,39.6756,178.52,328.681,45.3436,17.8837,51.4197,-62.0304,154.83,72.2021,-62.0304,154.83,72.2021,0,0,0,-62.0304,154.83,72.2021,-92.5478,141.711,43.9315,0.699628,0.300772,0.648118,-92.5478,141.711,43.9315,-111.366,130.801,23.7187,0.63375,0.367424,0.680706,-111.366,130.801,23.7187,-120.161,124.068,12.6623,0.561971,0.430182,0.706493,51.4197,17.0825,57.7261,-54.1129,173.323,60.1386,-65.5761,148.816,-2.89424,0.167117,0.357278,0.918926,-65.5761,148.816,-2.89424,-75.4453,149.141,-39.2104,0.262237,-0.00863963,0.964965,-75.4453,149.141,-39.2104,-81.0665,143.231,-58.7031,0.266021,0.279706,0.922495,-81.0665,143.231,-58.7031,-83.7696,136.144,-67.3097,0.235631,0.617764,0.750231,57.7261,16.7773,54.5856,-43.1121,174.012,56.6618,-45.1121,150.845,-4.0897,0.0307455,0.356141,0.933926,-45.1121,150.845,-4.0897,-44.0009,153.169,-45.6959,-0.0266563,-0.0557449,0.998089,-44.0009,153.169,-45.6959,-43.2413,146.51,-69.2452,-0.0310238,0.271975,0.961804,-43.2413,146.51,-69.2452,-42.8564,136.913,-77.0865,-0.031039,0.773993,0.632433,54.5856,15.9647,43.4856,-32.0923,171.794,55.9714,-25.0805,151.342,1.71721,-0.120058,0.350191,0.928952,-25.0805,151.342,1.71721,-15.178,151.319,-35.0006,-0.26039,0.000593826,0.965503,-15.178,151.319,-35.0006,-9.57959,141.681,-55.5886,-0.239126,0.411701,0.879387,-9.57959,141.681,-55.5886,-8.25271,130.535,-60.2637,-0.109128,0.916654,0.384495,43.4856,14.1811,-62.0304,-21.013,165.328,59.2931,-7.13015,149.106,9.62408,-0.256787,0.300044,0.918713,-7.13015,149.106,9.62408,11.3661,149.726,-14.7508,-0.604367,-0.0202379,0.796449,11.3661,149.726,-14.7508,20.0587,143.871,-27.8477,-0.518211,0.349041,0.780786,20.0587,143.871,-27.8477,22.8816,134.729,-34.0624,-0.247425,0.8013,0.544701,
0,,m,30315,87785439244,58,1,-41.1281,156.163,19.1054,-12.2784,0.633589,-0.673776,-0.271177,-0.00451081,-0.962519,-30.6,173.08,87.1539,37.6661,174.216,329.458,45.1998,17.8837,51.2066,-60.7488,160.004,71.8719,-60.7488,160.004,71.8719,0,0,0,-60.7488,160.004,71.8719,-92.4811,148.132,44.4832,0.728364,0.272522,0.628663,-92.4811,148.132,44.4832,-112.251,138.898,24.4689,0.667703,0.311861,0.675955,-112.251,138.898,24.4689,-122.522,133.952,13.833,0.658789,0.317198,0.68219,51.2066,17.0825,57.6298,-52.4551,178.215,59.75,-64.5018,153.96,-3.2717,0.175623,0.3536,0.918762,-64.5018,153.96,-3.2717,-74.4036,154.879,-39.4394,0.26398,-0.0244889,0.964217,-74.4036,154.879,-39.4394,-80.1635,148.773,-58.7257,0.273841,0.290269,0.916927,-80.1635,148.773,-58.7257,-82.9621,141.413,-66.9941,0.245104,0.644614,0.724153,57.6298,16.7773,54.7735,-41.4731,178.785,56.206,-44.0278,155.668,-4.54354,0.0392724,0.355384,0.933895,-44.0278,155.668,-4.54354,-42.6745,158.702,-46.0255,-0.0325177,-0.0729236,0.996807,-42.6745,158.702,-46.0255,-42.0685,152.402,-69.634,-0.0247953,0.257777,0.965886,-42.0685,152.402,-69.634,-42.0165,142.693,-77.3152,-0.0041983,0.78423,0.620456,54.7735,15.9647,43.2913,-30.4959,176.316,55.4114,-23.9764,155.719,1.15048,-0.111628,0.352665,0.929068,-23.9764,155.719,1.15048,-13.7722,157.391,-35.5846,-0.267388,-0.0438208,0.962592,-13.7722,157.391,-35.5846,-8.15637,149.433,-56.9684,-0.238997,0.338672,0.910045,-8.15637,149.433,-56.9684,-6.86931,138.886,-62.9528,-0.105542,0.86489,0.49074,43.2913,14.1811,-60.7488,-19.6887,169.495,58.8939,-6.20468,152.981,9.21146,-0.24941,0.305458,0.918961,-6.20468,152.981,9.21146,12.3712,154.366,-14.9414,-0.609014,-0.0454264,0.791857,12.3712,154.366,-14.9414,21.2115,149.388,-28.1812,-0.529991,0.298456,0.793746,21.2115,149.388,-28.1812,24.1839,140.668,-34.8282,-0.261645,0.76759,0.585105,
0,,m,30320,87785553417,58,1,-40.4014,152.426,18.9324,-12.8917,1.03676,-0.00134015,-0.269747,-0.0506317,-0.961599,-30.6132,170.499,86.8385,37.2929,183.245,328.911,45.2851,17.8837,51.3006,-60.5858,156.627,71.4432,-60.5858,156.627,71.4432,0,0,0,-60.5858,156.627,71.4432,-91.4249,143.874,43.3904,0.707377,0.292526,0.643464,-91.4249,143.874,43.3904,-110.779,133.929,23.2366,0.652552,0.335291,0.679526,-110.779,133.929,23.2366,-120.928,128.655,12.5897,0.649506,0.337521,0.681338,51.3006,17.0825,57.7216,-52.35,174.825,59.208,-63.5599,149.792,-3.6637,0.163424,0.364942,0.916575,-63.5599,149.792,-3.6637,-72.9468,149.772,-40.0368,0.249885,0.000543901,0.968276,-72.9468,149.772,-40.0368,-78.3303,143.319,-59.3652,0.255431,0.306165,0.917071,-78.3303,143.319,-59.3652,-80.9229,135.933,-67.7107,0.226587,0.645497,0.729377,57.7216,16.7773,54.6818,-41.3281,175.405,55.7771,-43.0794,151.621,-4.74315,0.0269223,0.365629,0.930371,-43.0794,151.621,-4.74315,-41.4847,153.785,-46.3349,-0.0382613,-0.0519381,0.997917,-41.4847,153.785,-46.3349,-40.6442,147.056,-69.8593,-0.034329,0.274858,0.960872,-40.6442,147.056,-69.8593,-40.4231,137.225,-77.4135,-0.017834,0.792809,0.609209,54.6818,15.9647,43.3845,-30.3263,173.025,55.171,-23.0905,151.914,1.19915,-0.123893,0.361468,0.924117,-23.0905,151.914,1.19915,-12.7335,152.595,-35.4701,-0.271766,-0.0178709,0.962197,-12.7335,152.595,-35.4701,-6.9581,144.083,-56.5495,-0.246233,0.362879,0.898715,-6.9581,144.083,-56.5495,-5.54747,133.424,-62.2544,-0.115893,0.875724,0.468697,43.3845,14.1811,-60.5858,-19.4209,166.412,58.7498,-5.30305,149.496,9.37953,-0.261134,0.312888,0.913187,-5.30305,149.496,9.37953,13.4451,150.388,-14.7332,-0.613552,-0.0292045,0.789114,13.4451,150.388,-14.7332,22.376,145.267,-27.9142,-0.533987,0.306177,0.788108,22.376,145.267,-27.9142,25.4776,136.61,-34.6199,-0.272521,0.760656,0.589181,
0,,m,30325,87785661493,58,1,-40.942,151.929,19.4471,-12.9294,1.49697,-0.212954,-0.278666,-0.0618726,-0.958393,-30.8777,170.203,87.2703,39.2737,185.779,328.536,45.2176,17.8837,51.3281,-60.8359,156.049,72.1283,-60.8359,156.049,72.1283,0,0,0,-60.8359,156.049,72.1283,-91.4586,142.959,44.0335,0.702829,0.300414,0.644813,-91.4586,142.959,44.0335,-110.184,132.301,23.7108,0.632225,0.359848,0.686149,-110.184,132.301,23.7108,-119.888,126.566,12.9278,0.622083,0.367674,0.691251,51.3281,17.0825,57.7103,-52.8353,174.291,59.7387,-64.2044,149.141,-3.05751,0.165744,0.366654,0.915475,-64.2044,149.141,-3.05751,-73.7433,149.289,-39.4058,0.253834,-0.00393332,0.96724,-73.7433,149.289,-39.4058,-79.1659,143.155,-58.8407,0.257129,0.290846,0.921571,-79.1659,143.155,-58.8407,-81.7544,135.914,-67.3232,0.226079,0.632471,0.740857,57.7103,16.7773,54.6855,-41.8303,174.919,56.2798,-43.7373,151.084,-4.21558,0.0293147,0.366419,0.929988,-43.7373,151.084,-4.21558,-42.2975,153.135,-45.8062,-0.0345557,-0.0492323,0.998189,-42.2975,153.135,-45.8062,-41.4199,146.208,-69.2666,-0.0358514,0.282979,0.958456,-41.4199,146.208,-69.2666,-41.0737,136.171,-76.5394,-0.0279204,0.809456,0.586516,54.6855,15.9647,43.4625,-30.8169,172.606,55.6314,-23.7208,151.509,1.63546,-0.1215,0.361225,0.924529,-23.7208,151.509,1.63546,-13.5968,151.83,-35.0914,-0.265736,-0.0084196,0.964009,-13.5968,151.83,-35.0914,-7.87133,142.677,-55.9165,-0.244083,0.390196,0.88779,-7.87133,142.677,-55.9165,-6.48941,131.673,-60.95,-0.113465,0.903504,0.413288,43.4625,14.1811,-60.8359,-19.8166,166.095,59.1263,-5.8433,149.243,9.69307,-0.258461,0.311703,0.914352,-5.8433,149.243,9.69307,12.811,150.069,-14.5452,-0.609684,-0.026996,0.792185,12.811,150.069,-14.5452,21.6687,144.7,-27.7245,-0.528424,0.3203,0.786242,21.6687,144.7,-27.7245,24.6887,135.871,-34.2765,-0.264872,0.774348,0.574655,
0,,m,30330,87785770736,58,1,-41.2794,151.858,19.7437,-12.8266,1.9165,-0.358693,-0.282014,-0.0538393,-0.957898,-31.0602,169.991,87.5714,39.9341,183.545,328.713,45.2276,17.8837,51.3805,-60.9947,155.738,72.4971,-60.9947,155.738,72.4971,0,0,0,-60.9947,155.738,72.4971,-91.6231,142.52,44.4627,0.702896,0.303346,0.643365,-91.6231,142.52,44.4627,-110.272,131.437,24.2883,0.629514,0.37409,0.681005,-110.272,131.437,24.2883,-119.414,125.021,13.3923,0.585882,0.411207,0.69832,51.3805,17.0825,57.7117,-53.1624,174.079,60.1118,-64.6221,148.971,-2.68454,0.167066,0.366047,0.915477,-64.6221,148.971,-2.68454,-74.3755,149.345,-39.0056,0.259331,-0.00996921,0.965737,-74.3755,149.345,-39.0056,-79.8953,143.45,-58.5126,0.261444,0.279239,0.923944,-79.8953,143.45,-58.5126,-82.524,136.358,-67.1263,0.229326,0.618664,0.751442,57.7117,16.7773,54.7075,-42.1691,174.761,56.6294,-44.1662,151.024,-3.9016,0.030701,0.36491,0.930537,-44.1662,151.024,-3.9016,-42.912,153.367,-45.4876,-0.0300978,-0.056225,0.997964,-42.912,153.367,-45.4876,-42.0746,146.687,-69.0218,-0.0342097,0.272879,0.96144,-42.0746,146.687,-69.0218,-41.6724,136.868,-76.5808,-0.0324412,0.791977,0.609688,54.7075,15.9647,43.4582,-31.1419,172.53,55.9271,-24.1278,151.577,1.86441,-0.120098,0.358757,0.925673,-24.1278,151.577,1.86441,-14.139,152.043,-34.906,-0.262134,-0.012218,0.964954,-14.139,152.043,-34.906,-8.41574,142.859,-55.7294,-0.243881,0.391352,0.887336,-8.41574,142.859,-55.7294,-7.00545,131.77,-60.5845,-0.115719,0.909894,0.398374,43.4582,14.1811,-60.9947,-20.0894,166.087,59.3696,-6.20702,149.415,9.8498,-0.256778,0.308375,0.915953,-6.20702,149.415,9.8498,12.3417,150.327,-14.4608,-0.606319,-0.029794,0.794663,12.3417,150.327,-14.4608,21.1752,144.89,-27.626,-0.527045,0.324389,0.78549,21.1752,144.89,-27.626,24.1756,135.954,-34.0409,-0.263156,0.783705,0.562632,
id,user_name,gender,frame_id,frame_timestamp,hand_id,hand_is_right,hand_palm_pos_x,hand_palm_pos_y,hand_palm_pos_z,hand_pitch,hand_roll,hand_yaw,arm_dir_x,arm_dir_y,arm_dir_z,wrist_pos_x,wrist_pos_y,wrist_pos_z,elbow_pos_x,elbow_pos_y,elbow_pos_z,thumb_id,thumb_len,thumb_wid,thumb_met_st_pos_x,thumb_met_st_pos_y,thumb_met_st_pos_z,thumb_met_ed_pos_x,thumb_met_ed_pos_y,thumb_met_ed_pos_z,thumb_met_dir_x,thumb_met_dir_y,thumb_met_dir_z,thumb_pro_st_pos_x,thumb_pro_st_pos_y,thumb_pro_st_pos_z,thumb_pro_ed_pos_x,thumb_pro_ed_pos_y,thumb_pro_ed_pos_z,thumb_pro_dir_x,thumb_pro_dir_y,thumb_pro_dir_z,thumb_mid_st_pos_x,thumb_mid_st_pos_y,thumb_mid_st_pos_z,thumb_mid_ed_pos_x,thumb_mid_ed_pos_y,thumb_mid_ed_pos_z,thumb_mid_dir_x,thumb_mid_dir_y,thumb_mid_dir_z,thumb_dis_st_pos_x,thumb_dis_st_pos_y,thumb_dis_st_pos_z,thumb_dis_ed_pos_x,thumb_dis_ed_pos_y,thumb_dis_ed_pos_z,thumb_dis_dir_x,thumb_dis_dir_y,thumb_dis_dir_z,index_id,index_len,index_wid,index_met_st_pos_x,index_met_st_pos_y,index_met_st_pos_z,index_met_ed_pos_x,index_met_ed_pos_y,index_met_ed_pos_z,index_met_dir_x,index_met_dir_y,index_met_dir_z,index_pro_st_pos_x,index_pro_st_pos_y,index_pro_st_pos_z,index_pro_ed_pos_x,index_pro_ed_pos_y,index_pro_ed_pos_z,index_pro_dir_x,index_pro_dir_y,index_pro_dir_z,index_mid_st_pos_x,index_mid_st_pos_y,index_mid_st_pos_z,index_mid_ed_pos_x,index_mid_ed_pos_y,index_mid_ed_pos_z,index_mid_dir_x,index_mid_dir_y,index_mid_dir_z,index_dis_st_pos_x,index_dis_st_pos_y,index_dis_st_pos_z,index_dis_ed_pos_x,index_dis_ed_pos_y,index_dis_ed_pos_z,index_dis_dir_x,index_dis_dir_y,index_dis_dir_z,middle_id,middle_len,middle_wid,middle_met_st_pos_x,middle_met_st_pos_y,middle_met_st_pos_z,middle_met_ed_pos_x,middle_met_ed_pos_y,middle_met_ed_pos_z,middle_met_dir_x,middle_met_dir_y,middle_met_dir_z,middle_pro_st_pos_x,middle_pro_st_pos_y,middle_pro_st_pos_z,middle_pro_ed_pos_x,middle_pro_ed_pos_y,middle_pro_ed_pos_z,middle_pro_dir_x,middle_pro_dir_y,middle_pro_dir_z,middle_mid_st_pos_x,middle_mid_st_pos_y,middle_mid_st_pos_z,middle_mid_ed_pos_x,middle_mid_ed_pos_y,middle_mid_ed_pos_z,middle_mid_dir_x,middle_mid_dir_y,middle_mid_dir_z,middle_dis_st_pos_x,middle_dis_st_pos_y,middle_dis_st_pos_z,middle_dis_ed_pos_x,middle_dis_ed_pos_y,middle_dis_ed_pos_z,middle_dis_dir_x,middle_dis_dir_y,middle_dis_dir_z,ring_id,ring_len,ring_wid,ring_met_st_pos_x,ring_met_st_pos_y,ring_met_st_pos_z,ring_met_ed_pos_x,ring_met_ed_pos_y,ring_met_ed_pos_z,ring_met_dir_x,ring_met_dir_y,ring_met_dir_z,ring_pro_st_pos_x,ring_pro_st_pos_y,ring_pro_st_pos_z,ring_pro_ed_pos_x,ring_pro_ed_pos_y,ring_pro_ed_pos_z,ring_pro_dir_x,ring_pro_dir_y,ring_pro_dir_z,ring_mid_st_pos_x,ring_mid_st_pos_y,ring_mid_st_pos_z,ring_mid_ed_pos_x,ring_mid_ed_pos_y,ring_mid_ed_pos_z,ring_mid_dir_x,ring_mid_dir_y,ring_mid_dir_z,ring_dis_st_pos_x,ring_dis_st_pos_y,ring_dis_st_pos_z,ring_dis_ed_pos_x,ring_dis_ed_pos_y,ring_dis_ed_pos_z,ring_dis_dir_x,ring_dis_dir_y,ring_dis_dir_z,pinky_id,pinky_len,pinky_wid,pinky_met_st_pos_x,pinky_met_st_pos_y,pinky_met_st_pos_z,pinky_met_ed_pos_x,pinky_met_ed_pos_y,pinky_met_ed_pos_z,pinky_met_dir_x,pinky_met_dir_y,pinky_met_dir_z,pinky_pro_st_pos_x,pinky_pro_st_pos_y,pinky_pro_st_pos_z,pinky_pro_ed_pos_x,pinky_pro_ed_pos_y,pinky_pro_ed_pos_z,pinky_pro_dir_x,pinky_pro_dir_y,pinky_pro_dir_z,pinky_mid_st_pos_x,pinky_mid_st_pos_y,pinky_mid_st_pos_z,pinky_mid_ed_pos_x,pinky_mid_ed_pos_y,pinky_mid_ed_pos_z,pinky_mid_dir_x,pinky_mid_dir_y,pinky_mid_dir_z,pinky_dis_st_pos_x,pinky_dis_st_pos_y,pinky_dis_st_pos_z,pinky_dis_ed_pos_x,pinky_dis_ed_pos_y,pinky_dis_ed_pos_z,pinky_dis_dir_x,pinky_dis_dir_y,pinky_dis_dir_z
id,user_name,gender,frame_id,frame_timestamp,hand_id,hand_is_right,hand_palm_pos_x,hand_palm_pos_y,hand_palm_pos_z,hand_pitch,hand_roll,hand_yaw,arm_dir_x,arm_dir_y,arm_dir_z,wrist_pos_x,wrist_pos_y,wrist_pos_z,elbow_pos_x,elbow_pos_y,elbow_pos_z,thumb_id,thumb_len,thumb_wid,thumb_met_st_pos_x,thumb_met_st_pos_y,thumb_met_st_pos_z,thumb_met_ed_pos_x,thumb_met_ed_pos_y,thumb_met_ed_pos_z,thumb_met_dir_x,thumb_met_dir_y,thumb_met_dir_z,thumb_pro_st_pos_x,thumb_pro_st_pos_y,thumb_pro_st_pos_z,thumb_pro_ed_pos_x,thumb_pro_ed_pos_y,thumb_pro_ed_pos_z,thumb_pro_dir_x,thumb_pro_dir_y,thumb_pro_dir_z,thumb_mid_st_pos_x,thumb_mid_st_pos_y,thumb_mid_st_pos_z,thumb_mid_ed_pos_x,thumb_mid_ed_pos_y,thumb_mid_ed_pos_z,thumb_mid_dir_x,thumb_mid_dir_y,thumb_mid_dir_z,thumb_dis_st_pos_x,thumb_dis_st_pos_y,thumb_dis_st_pos_z,thumb_dis_ed_pos_x,thumb_dis_ed_pos_y,thumb_dis_ed_pos_z,thumb_dis_dir_x,thumb_dis_dir_y,thumb_dis_dir_z,index_id,index_len,index_wid,index_met_st_pos_x,index_met_st_pos_y,index_met_st_pos_z,index_met_ed_pos_x,index_met_ed_pos_y,index_met_ed_pos_z,index_met_dir_x,index_met_dir_y,index_met_dir_z,index_pro_st_pos_x,index_pro_st_pos_y,index_pro_st_pos_z,index_pro_ed_pos_x,index_pro_ed_pos_y,index_pro_ed_pos_z,index_pro_dir_x,index_pro_dir_y,index_pro_dir_z,index_mid_st_pos_x,index_mid_st_pos_y,index_mid_st_pos_z,index_mid_ed_pos_x,index_mid_ed_pos_y,index_mid_ed_pos_z,index_mid_dir_x,index_mid_dir_y,index_mid_dir_z,index_dis_st_pos_x,index_dis_st_pos_y,index_dis_st_pos_z,index_dis_ed_pos_x,index_dis_ed_pos_y,index_dis_ed_pos_z,index_dis_dir_x,index_dis_dir_y,index_dis_dir_z,middle_id,middle_len,middle_wid,middle_met_st_pos_x,middle_met_st_pos_y,middle_met_st_pos_z,middle_met_ed_pos_x,middle_met_ed_pos_y,middle_met_ed_pos_z,middle_met_dir_x,middle_met_dir_y,middle_met_dir_z,middle_pro_st_pos_x,middle_pro_st_pos_y,middle_pro_st_pos_z,middle_pro_ed_pos_x,middle_pro_ed_pos_y,middle_pro_ed_pos_z,middle_pro_dir_x,middle_pro_dir_y,middle_pro_dir_z,middle_mid_st_pos_x,middle_mid_st_pos_y,middle_mid_st_pos_z,middle_mid_ed_pos_x,middle_mid_ed_pos_y,middle_mid_ed_pos_z,middle_mid_dir_x,middle_mid_dir_y,middle_mid_dir_z,middle_dis_st_pos_x,middle_dis_st_pos_y,middle_dis_st_pos_z,middle_dis_ed_pos_x,middle_dis_ed_pos_y,middle_dis_ed_pos_z,middle_dis_dir_x,middle_dis_dir_y,middle_dis_dir_z,ring_id,ring_len,ring_wid,ring_met_st_pos_x,ring_met_st_pos_y,ring_met_st_pos_z,ring_met_ed_pos_x,ring_met_ed_pos_y,ring_met_ed_pos_z,ring_met_dir_x,ring_met_dir_y,ring_met_dir_z,ring_pro_st_pos_x,ring_pro_st_pos_y,ring_pro_st_pos_z,ring_pro_ed_pos_x,ring_pro_ed_pos_y,ring_pro_ed_pos_z,ring_pro_dir_x,ring_pro_dir_y,ring_pro_dir_z,ring_mid_st_pos_x,ring_mid_st_pos_y,ring_mid_st_pos_z,ring_mid_ed_pos_x,ring_mid_ed_pos_y,ring_mid_ed_pos_z,ring_mid_dir_x,ring_mid_dir_y,ring_mid_dir_z,ring_dis_st_pos_x,ring_dis_st_pos_y,ring_dis_st_pos_z,ring_dis_ed_pos_x,ring_dis_ed_pos_y,ring_dis_ed_pos_z,ring_dis_dir_x,ring_dis_dir_y,ring_dis_dir_z,pinky_id,pinky_len,pinky_wid,pinky_met_st_pos_x,pinky_met_st_pos_y,pinky_met_st_pos_z,pinky_met_ed_pos_x,pinky_met_ed_pos_y,pinky_met_ed_pos_z,pinky_met_dir_x,pinky_met_dir_y,pinky_met_dir_z,pinky_pro_st_pos_x,pinky_pro_st_pos_y,pinky_pro_st_pos_z,pinky_pro_ed_pos_x,pinky_pro_ed_pos_y,pinky_pro_ed_pos_z,pinky_pro_dir_x,pinky_pro_dir_y,pinky_pro_dir_z,pinky_mid_st_pos_x,pinky_mid_st_pos_y,pinky_mid_st_pos_z,pinky_mid_ed_pos_x,pinky_mid_ed_pos_y,pinky_mid_ed_pos_z,pinky_mid_dir_x,pinky_mid_dir_y,pinky_mid_dir_z,pinky_dis_st_pos_x,pinky_dis_st_pos_y,pinky_dis_st_pos_z,pinky_dis_ed_pos_x,pinky_dis_ed_pos_y,pinky_dis_ed_pos_z,pinky_dis_dir_x,pinky_dis_dir_y,pinky_dis_dir_z
id,user_name,gender,frame_id,frame_timestamp,hand_id,hand_is_right,hand_palm_pos_x,hand_palm_pos_y,hand_palm_pos_z,hand_pitch,hand_roll,hand_yaw,arm_dir_x,arm_dir_y,arm_dir_z,wrist_pos_x,wrist_pos_y,wrist_pos_z,elbow_pos_x,elbow_pos_y,elbow_pos_z,thumb_id,thumb_len,thumb_wid,thumb_met_st_pos_x,thumb_met_st_pos_y,thumb_met_st_pos_z,thumb_met_ed_pos_x,thumb_met_ed_pos_y,thumb_met_ed_pos_z,thumb_met_dir_x,thumb_met_dir_y,thumb_met_dir_z,thumb_pro_st_pos_x,thumb_pro_st_pos_y,thumb_pro_st_pos_z,thumb_pro_ed_pos_x,thumb_pro_ed_pos_y,thumb_pro_ed_pos_z,thumb_pro_dir_x,thumb_pro_dir_y,thumb_pro_dir_z,thumb_mid_st_pos_x,thumb_mid_st_pos_y,thumb_mid_st_pos_z,thumb_mid_ed_pos_x,thumb_mid_ed_pos_y,thumb_mid_ed_pos_z,thumb_mid_dir_x,thumb_mid_dir_y,thumb_mid_dir_z,thumb_dis_st_pos_x,thumb_dis_st_pos_y,thumb_dis_st_pos_z,thumb_dis_ed_pos_x,thumb_dis_ed_pos_y,thumb_dis_ed_pos_z,thumb_dis_dir_x,thumb_dis_dir_y,thumb_dis_dir_z,index_id,index_len,index_wid,index_met_st_pos_x,index_met_st_pos_y,index_met_st_pos_z,index_met_ed_pos_x,index_met_ed_pos_y,index_met_ed_pos_z,index_met_dir_x,index_met_dir_y,index_met_dir_z,index_pro_st_pos_x,index_pro_st_pos_y,index_pro_st_pos_z,index_pro_ed_pos_x,index_pro_ed_pos_y,index_pro_ed_pos_z,index_pro_dir_x,index_pro_dir_y,index_pro_dir_z,index_mid_st_pos_x,index_mid_st_pos_y,index_mid_st_pos_z,index_mid_ed_pos_x,index_mid_ed_pos_y,index_mid_ed_pos_z,index_mid_dir_x,index_mid_dir_y,index_mid_dir_z,index_dis_st_pos_x,index_dis_st_pos_y,index_dis_st_pos_z,index_dis_ed_pos_x,index_dis_ed_pos_y,index_dis_ed_pos_z,index_dis_dir_x,index_dis_dir_y,index_dis_dir_z,middle_id,middle_len,middle_wid,middle_met_st_pos_x,middle_met_st_pos_y,middle_met_st_pos_z,middle_met_ed_pos_x,middle_met_ed_pos_y,middle_met_ed_pos_z,middle_met_dir_x,middle_met_dir_y,middle_met_dir_z,middle_pro_st_pos_x,middle_pro_st_pos_y,middle_pro_st_pos_z,middle_pro_ed_pos_x,middle_pro_ed_pos_y,middle_pro_ed_pos_z,middle_pro_dir_x,middle_pro_dir_y,middle_pro_dir_z,middle_mid_st_pos_x,middle_mid_st_pos_y,middle_mid_st_pos_z,middle_mid_ed_pos_x,middle_mid_ed_pos_y,middle_mid_ed_pos_z,middle_mid_dir_x,middle_mid_dir_y,middle_mid_dir_z,middle_dis_st_pos_x,middle_dis_st_pos_y,middle_dis_st_pos_z,middle_dis_ed_pos_x,middle_dis_ed_pos_y,middle_dis_ed_pos_z,middle_dis_dir_x,middle_dis_dir_y,middle_dis_dir_z,ring_id,ring_len,ring_wid,ring_met_st_pos_x,ring_met_st_pos_y,ring_met_st_pos_z,ring_met_ed_pos_x,ring_met_ed_pos_y,ring_met_ed_pos_z,ring_met_dir_x,ring_met_dir_y,ring_met_dir_z,ring_pro_st_pos_x,ring_pro_st_pos_y,ring_pro_st_pos_z,ring_pro_ed_pos_x,ring_pro_ed_pos_y,ring_pro_ed_pos_z,ring_pro_dir_x,ring_pro_dir_y,ring_pro_dir_z,ring_mid_st_pos_x,ring_mid_st_pos_y,ring_mid_st_pos_z,ring_mid_ed_pos_x,ring_mid_ed_pos_y,ring_mid_ed_pos_z,ring_mid_dir_x,ring_mid_dir_y,ring_mid_dir_z,ring_dis_st_pos_x,ring_dis_st_pos_y,ring_dis_st_pos_z,ring_dis_ed_pos_x,ring_dis_ed_pos_y,ring_dis_ed_pos_z,ring_dis_dir_x,ring_dis_dir_y,ring_dis_dir_z,pinky_id,pinky_len,pinky_wid,pinky_met_st_pos_x,pinky_met_st_pos_y,pinky_met_st_pos_z,pinky_met_ed_pos_x,pinky_met_ed_pos_y,pinky_met_ed_pos_z,pinky_met_dir_x,pinky_met_dir_y,pinky_met_dir_z,pinky_pro_st_pos_x,pinky_pro_st_pos_y,pinky_pro_st_pos_z,pinky_pro_ed_pos_x,pinky_pro_ed_pos_y,pinky_pro_ed_pos_z,pinky_pro_dir_x,pinky_pro_dir_y,pinky_pro_dir_z,pinky_mid_st_pos_x,pinky_mid_st_pos_y,pinky_mid_st_pos_z,pinky_mid_ed_pos_x,pinky_mid_ed_pos_y,pinky_mid_ed_pos_z,pinky_mid_dir_x,pinky_mid_dir_y,pinky_mid_dir_z,pinky_dis_st_pos_x,pinky_dis_st_pos_y,pinky_dis_st_pos_z,pinky_dis_ed_pos_x,pinky_dis_ed_pos_y,pinky_dis_ed_pos_z,pinky_dis_dir_x,pinky_dis_dir_y,pinky_dis_dir_z
id,user_name,gender,frame_id,frame_timestamp,hand_id,hand_is_right,hand_palm_pos_x,hand_palm_pos_y,hand_palm_pos_z,hand_pitch,hand_roll,hand_yaw,arm_dir_x,arm_dir_y,arm_dir_z,wrist_pos_x,wrist_pos_y,wrist_pos_z,elbow_pos_x,elbow_pos_y,elbow_pos_z,thumb_id,thumb_len,thumb_wid,thumb_met_st_pos_x,thumb_met_st_pos_y,thumb_met_st_pos_z,thumb_met_ed_pos_x,thumb_met_ed_pos_y,thumb_met_ed_pos_z,thumb_met_dir_x,thumb_met_dir_y,thumb_met_dir_z,thumb_pro_st_pos_x,thumb_pro_st_pos_y,thumb_pro_st_pos_z,thumb_pro_ed_pos_x,thumb_pro_ed_pos_y,thumb_pro_ed_pos_z,thumb_pro_dir_x,thumb_pro_dir_y,thumb_pro_dir_z,thumb_mid_st_pos_x,thumb_mid_st_pos_y,thumb_mid_st_pos_z,thumb_mid_ed_pos_x,thumb_mid_ed_pos_y,thumb_mid_ed_pos_z,thumb_mid_dir_x,thumb_mid_dir_y,thumb_mid_dir_z,thumb_dis_st_pos_x,thumb_dis_st_pos_y,thumb_dis_st_pos_z,thumb_dis_ed_pos_x,thumb_dis_ed_pos_y,thumb_dis_ed_pos_z,thumb_dis_dir_x,thumb_dis_dir_y,thumb_dis_dir_z,index_id,index_len,index_wid,index_met_st_pos_x,index_met_st_pos_y,index_met_st_pos_z,index_met_ed_pos_x,index_met_ed_pos_y,index_met_ed_pos_z,index_met_dir_x,index_met_dir_y,index_met_dir_z,index_pro_st_pos_x,index_pro_st_pos_y,index_pro_st_pos_z,index_pro_ed_pos_x,index_pro_ed_pos_y,index_pro_ed_pos_z,index_pro_dir_x,index_pro_dir_y,index_pro_dir_z,index_mid_st_pos_x,index_mid_st_pos_y,index_mid_st_pos_z,index_mid_ed_pos_x,index_mid_ed_pos_y,index_mid_ed_pos_z,index_mid_dir_x,index_mid_dir_y,index_mid_dir_z,index_dis_st_pos_x,index_dis_st_pos_y,index_dis_st_pos_z,index_dis_ed_pos_x,index_dis_ed_pos_y,index_dis_ed_pos_z,index_dis_dir_x,index_dis_dir_y,index_dis_dir_z,middle_id,middle_len,middle_wid,middle_met_st_pos_x,middle_met_st_pos_y,middle_met_st_pos_z,middle_met_ed_pos_x,middle_met_ed_pos_y,middle_met_ed_pos_z,middle_met_dir_x,middle_met_dir_y,middle_met_dir_z,middle_pro_st_pos_x,middle_pro_st_pos_y,middle_pro_st_pos_z,middle_pro_ed_pos_x,middle_pro_ed_pos_y,middle_pro_ed_pos_z,middle_pro_dir_x,middle_pro_dir_y,middle_pro_dir_z,middle_mid_st_pos_x,middle_mid_st_pos_y,middle_mid_st_pos_z,middle_mid_ed_pos_x,middle_mid_ed_pos_y,middle_mid_ed_pos_z,middle_mid_dir_x,middle_mid_dir_y,middle_mid_dir_z,middle_dis_st_pos_x,middle_dis_st_pos_y,middle_dis_st_pos_z,middle_dis_ed_pos_x,middle_dis_ed_pos_y,middle_dis_ed_pos_z,middle_dis_dir_x,middle_dis_dir_y,middle_dis_dir_z,ring_id,ring_len,ring_wid,ring_met_st_pos_x,ring_met_st_pos_y,ring_met_st_pos_z,ring_met_ed_pos_x,ring_met_ed_pos_y,ring_met_ed_pos_z,ring_met_dir_x,ring_met_dir_y,ring_met_dir_z,ring_pro_st_pos_x,ring_pro_st_pos_y,ring_pro_st_pos_z,ring_pro_ed_pos_x,ring_pro_ed_pos_y,ring_pro_ed_pos_z,ring_pro_dir_x,ring_pro_dir_y,ring_pro_dir_z,ring_mid_st_pos_x,ring_mid_st_pos_y,ring_mid_st_pos_z,ring_mid_ed_pos_x,ring_mid_ed_pos_y,ring_mid_ed_pos_z,ring_mid_dir_x,ring_mid_dir_y,ring_mid_dir_z,ring_dis_st_pos_x,ring_dis_st_pos_y,ring_dis_st_pos_z,ring_dis_ed_pos_x,ring_dis_ed_pos_y,ring_dis_ed_pos_z,ring_dis_dir_x,ring_dis_dir_y,ring_dis_dir_z,pinky_id,pinky_len,pinky_wid,pinky_met_st_pos_x,pinky_met_st_pos_y,pinky_met_st_pos_z,pinky_met_ed_pos_x,pinky_met_ed_pos_y,pinky_met_ed_pos_z,pinky_met_dir_x,pinky_met_dir_y,pinky_met_dir_z,pinky_pro_st_pos_x,pinky_pro_st_pos_y,pinky_pro_st_pos_z,pinky_pro_ed_pos_x,pinky_pro_ed_pos_y,pinky_pro_ed_pos_z,pinky_pro_dir_x,pinky_pro_dir_y,pinky_pro_dir_z,pinky_mid_st_pos_x,pinky_mid_st_pos_y,pinky_mid_st_pos_z,pinky_mid_ed_pos_x,pinky_mid_ed_pos_y,pinky_mid_ed_pos_z,pinky_mid_dir_x,pinky_mid_dir_y,pinky_mid_dir_z,pinky_dis_st_pos_x,pinky_dis_st_pos_y,pinky_dis_st_pos_z,pinky_dis_ed_pos_x,pinky_dis_ed_pos_y,pinky_dis_ed_pos_z,pinky_dis_dir_x,pinky_dis_dir_y,pinky_dis_dir_z
id,user_name,gender,frame_id,frame_timestamp,hand_id,hand_is_right,hand_palm_pos_x,hand_palm_pos_y,hand_palm_pos_z,hand_pitch,hand_roll,hand_yaw,arm_dir_x,arm_dir_y,arm_dir_z,wrist_pos_x,wrist_pos_y,wrist_pos_z,elbow_pos_x,elbow_pos_y,elbow_pos_z,thumb_id,thumb_len,thumb_wid,thumb_met_st_pos_x,thumb_met_st_pos_y,thumb_met_st_pos_z,thumb_met_ed_pos_x,thumb_met_ed_pos_y,thumb_met_ed_pos_z,thumb_met_dir_x,thumb_met_dir_y,thumb_met_dir_z,thumb_pro_st_pos_x,thumb_pro_st_pos_y,thumb_pro_st_pos_z,thumb_pro_ed_pos_x,thumb_pro_ed_pos_y,thumb_pro_ed_pos_z,thumb_pro_dir_x,thumb_pro_dir_y,thumb_pro_dir_z,thumb_mid_st_pos_x,thumb_mid_st_pos_y,thumb_mid_st_pos_z,thumb_mid_ed_pos_x,thumb_mid_ed_pos_y,thumb_mid_ed_pos_z,thumb_mid_dir_x,thumb_mid_dir_y,thumb_mid_dir_z,thumb_dis_st_pos_x,thumb_dis_st_pos_y,thumb_dis_st_pos_z,thumb_dis_ed_pos_x,thumb_dis_ed_pos_y,thumb_dis_ed_pos_z,thumb_dis_dir_x,thumb_dis_dir_y,thumb_dis_dir_z,index_id,index_len,index_wid,index_met_st_pos_x,index_met_st_pos_y,index_met_st_pos_z,index_met_ed_pos_x,index_met_ed_pos_y,index_met_ed_pos_z,index_met_dir_x,index_met_dir_y,index_met_dir_z,index_pro_st_pos_x,index_pro_st_pos_y,index_pro_st_pos_z,index_pro_ed_pos_x,index_pro_ed_pos_y,index_pro_ed_pos_z,index_pro_dir_x,index_pro_dir_y,index_pro_dir_z,index_mid_st_pos_x,index_mid_st_pos_y,index_mid_st_pos_z,index_mid_ed_pos_x,index_mid_ed_pos_y,index_mid_ed_pos_z,index_mid_dir_x,index_mid_dir_y,index_mid_dir_z,index_dis_st_pos_x,index_dis_st_pos_y,index_dis_st_pos_z,index_dis_ed_pos_x,index_dis_ed_pos_y,index_dis_ed_pos_z,index_dis_dir_x,index_dis_dir_y,index_dis_dir_z,middle_id,middle_len,middle_wid,middle_met_st_pos_x,middle_met_st_pos_y,middle_met_st_pos_z,middle_met_ed_pos_x,middle_met_ed_pos_y,middle_met_ed_pos_z,middle_met_dir_x,middle_met_dir_y,middle_met_dir_z,middle_pro_st_pos_x,middle_pro_st_pos_y,middle_pro_st_pos_z,middle_pro_ed_pos_x,middle_pro_ed_pos_y,middle_pro_ed_pos_z,middle_pro_dir_x,middle_pro_dir_y,middle_pro_dir_z,middle_mid_st_pos_x,middle_mid_st_pos_y,middle_mid_st_pos_z,middle_mid_ed_pos_x,middle_mid_ed_pos_y,middle_mid_ed_pos_z,middle_mid_dir_x,middle_mid_dir_y,middle_mid_dir_z,middle_dis_st_pos_x,middle_dis_st_pos_y,middle_dis_st_pos_z,middle_dis_ed_pos_x,middle_dis_ed_pos_y,middle_dis_ed_pos_z,middle_dis_dir_x,middle_dis_dir_y,middle_dis_dir_z,ring_id,ring_len,ring_wid,ring_met_st_pos_x,ring_met_st_pos_y,ring_met_st_pos_z,ring_met_ed_pos_x,ring_met_ed_pos_y,ring_met_ed_pos_z,ring_met_dir_x,ring_met_dir_y,ring_met_dir_z,ring_pro_st_pos_x,ring_pro_st_pos_y,ring_pro_st_pos_z,ring_pro_ed_pos_x,ring_pro_ed_pos_y,ring_pro_ed_pos_z,ring_pro_dir_x,ring_pro_dir_y,ring_pro_dir_z,ring_mid_st_pos_x,ring_mid_st_pos_y,ring_mid_st_pos_z,ring_mid_ed_pos_x,ring_mid_ed_pos_y,ring_mid_ed_pos_z,ring_mid_dir_x,ring_mid_dir_y,ring_mid_dir_z,ring_dis_st_pos_x,ring_dis_st_pos_y,ring_dis_st_pos_z,ring_dis_ed_pos_x,ring_dis_ed_pos_y,ring_dis_ed_pos_z,ring_dis_dir_x,ring_dis_dir_y,ring_dis_dir_z,pinky_id,pinky_len,pinky_wid,pinky_met_st_pos_x,pinky_met_st_pos_y,pinky_met_st_pos_z,pinky_met_ed_pos_x,pinky_met_ed_pos_y,pinky_met_ed_pos_z,pinky_met_dir_x,pinky_met_dir_y,pinky_met_dir_z,pinky_pro_st_pos_x,pinky_pro_st_pos_y,pinky_pro_st_pos_z,pinky_pro_ed_pos_x,pinky_pro_ed_pos_y,pinky_pro_ed_pos_z,pinky_pro_dir_x,pinky_pro_dir_y,pinky_pro_dir_z,pinky_mid_st_pos_x,pinky_mid_st_pos_y,pinky_mid_st_pos_z,pinky_mid_ed_pos_x,pinky_mid_ed_pos_y,pinky_mid_ed_pos_z,pinky_mid_dir_x,pinky_mid_dir_y,pinky_mid_dir_z,pinky_dis_st_pos_x,pinky_dis_st_pos_y,pinky_dis_st_pos_z,pinky_dis_ed_pos_x,pinky_dis_ed_pos_y,pinky_dis_ed_pos_z,pinky_dis_dir_x,pinky_dis_dir_y,pinky_dis_dir_z
id,user_name,gender,frame_id,frame_timestamp,hand_id,hand_is_right,hand_palm_pos_x,hand_palm_pos_y,hand_palm_pos_z,hand_pitch,hand_roll,hand_yaw,arm_dir_x,arm_dir_y,arm_dir_z,wrist_pos_x,wrist_pos_y,wrist_pos_z,elbow_pos_x,elbow_pos_y,elbow_pos_z,thumb_id,thumb_len,thumb_wid,thumb_met_st_pos_x,thumb_met_st_pos_y,thumb_met_st_pos_z,thumb_met_ed_pos_x,thumb_met_ed_pos_y,thumb_met_ed_pos_z,thumb_met_dir_x,thumb_met_dir_y,thumb_met_dir_z,thumb_pro_st_pos_x,thumb_pro_st_pos_y,thumb_pro_st_pos_z,thumb_pro_ed_pos_x,thumb_pro_ed_pos_y,thumb_pro_ed_pos_z,thumb_pro_dir_x,thumb_pro_dir_y,thumb_pro_dir_z,thumb_mid_st_pos_x,thumb_mid_st_pos_y,thumb_mid_st_pos_z,thumb_mid_ed_pos_x,thumb_mid_ed_pos_y,thumb_mid_ed_pos_z,thumb_mid_dir_x,thumb_mid_dir_y,thumb_mid_dir_z,thumb_dis_st_pos_x,thumb_dis_st_pos_y,thumb_dis_st_pos_z,thumb_dis_ed_pos_x,thumb_dis_ed_pos_y,thumb_dis_ed_pos_z,thumb_dis_dir_x,thumb_dis_dir_y,thumb_dis_dir_z,index_id,index_len,index_wid,index_met_st_pos_x,index_met_st_pos_y,index_met_st_pos_z,index_met_ed_pos_x,index_met_ed_pos_y,index_met_ed_pos_z,index_met_dir_x,index_met_dir_y,index_met_dir_z,index_pro_st_pos_x,index_pro_st_pos_y,index_pro_st_pos_z,index_pro_ed_pos_x,index_pro_ed_pos_y,index_pro_ed_pos_z,index_pro_dir_x,index_pro_dir_y,index_pro_dir_z,index_mid_st_pos_x,index_mid_st_pos_y,index_mid_st_pos_z,index_mid_ed_pos_x,index_mid_ed_pos_y,index_mid_ed_pos_z,index_mid_dir_x,index_mid_dir_y,index_mid_dir_z,index_dis_st_pos_x,index_dis_st_pos_y,index_dis_st_pos_z,index_dis_ed_pos_x,index_dis_ed_pos_y,index_dis_ed_pos_z,index_dis_dir_x,index_dis_dir_y,index_dis_dir_z,middle_id,middle_len,middle_wid,middle_met_st_pos_x,middle_met_st_pos_y,middle_met_st_pos_z,middle_met_ed_pos_x,middle_met_ed_pos_y,middle_met_ed_pos_z,middle_met_dir_x,middle_met_dir_y,middle_met_dir_z,middle_pro_st_pos_x,middle_pro_st_pos_y,middle_pro_st_pos_z,middle_pro_ed_pos_x,middle_pro_ed_pos_y,middle_pro_ed_pos_z,middle_pro_dir_x,middle_pro_dir_y,middle_pro_dir_z,middle_mid_st_pos_x,middle_mid_st_pos_y,middle_mid_st_pos_z,middle_mid_ed_pos_x,middle_mid_ed_pos_y,middle_mid_ed_pos_z,middle_mid_dir_x,middle_mid_dir_y,middle_mid_dir_z,middle_dis_st_pos_x,middle_dis_st_pos_y,middle_dis_st_pos_z,middle_dis_ed_pos_x,middle_dis_ed_pos_y,middle_dis_ed_pos_z,middle_dis_dir_x,middle_dis_dir_y,middle_dis_dir_z,ring_id,ring_len,ring_wid,ring_met_st_pos_x,ring_met_st_pos_y,ring_met_st_pos_z,ring_met_ed_pos_x,ring_met_ed_pos_y,ring_met_ed_pos_z,ring_met_dir_x,ring_met_dir_y,ring_met_dir_z,ring_pro_st_pos_x,ring_pro_st_pos_y,ring_pro_st_pos_z,ring_pro_ed_pos_x,ring_pro_ed_pos_y,ring_pro_ed_pos_z,ring_pro_dir_x,ring_pro_dir_y,ring_pro_dir_z,ring_mid_st_pos_x,ring_mid_st_pos_y,ring_mid_st_pos_z,ring_mid_ed_pos_x,ring_mid_ed_pos_y,ring_mid_ed_pos_z,ring_mid_dir_x,ring_mid_dir_y,ring_mid_dir_z,ring_dis_st_pos_x,ring_dis_st_pos_y,ring_dis_st_pos_z,ring_dis_ed_pos_x,ring_dis_ed_pos_y,ring_dis_ed_pos_z,ring_dis_dir_x,ring_dis_dir_y,ring_dis_dir_z,pinky_id,pinky_len,pinky_wid,pinky_met_st_pos_x,pinky_met_st_pos_y,pinky_met_st_pos_z,pinky_met_ed_pos_x,pinky_met_ed_pos_y,pinky_met_ed_pos_z,pinky_met_dir_x,pinky_met_dir_y,pinky_met_dir_z,pinky_pro_st_pos_x,pinky_pro_st_pos_y,pinky_pro_st_pos_z,pinky_pro_ed_pos_x,pinky_pro_ed_pos_y,pinky_pro_ed_pos_z,pinky_pro_dir_x,pinky_pro_dir_y,pinky_pro_dir_z,pinky_mid_st_pos_x,pinky_mid_st_pos_y,pinky_mid_st_pos_z,pinky_mid_ed_pos_x,pinky_mid_ed_pos_y,pinky_mid_ed_pos_z,pinky_mid_dir_x,pinky_mid_dir_y,pinky_mid_dir_z,pinky_dis_st_pos_x,pinky_dis_st_pos_y,pinky_dis_st_pos_z,pinky_dis_ed_pos_x,pinky_dis_ed_pos_y,pinky_dis_ed_pos_z,pinky_dis_dir_x,pinky_dis_dir_y,pinky_dis_dir_z
id,user_name,gender,frame_id,frame_timestamp,hand_id,hand_is_right,hand_palm_pos_x,hand_palm_pos_y,hand_palm_pos_z,hand_pitch,hand_roll,hand_yaw,arm_dir_x,arm_dir_y,arm_dir_z,wrist_pos_x,wrist_pos_y,wrist_pos_z,elbow_pos_x,elbow_pos_y,elbow_pos_z,thumb_id,thumb_len,thumb_wid,thumb_met_st_pos_x,thumb_met_st_pos_y,thumb_met_st_pos_z,thumb_met_ed_pos_x,thumb_met_ed_pos_y,thumb_met_ed_pos_z,thumb_met_dir_x,thumb_met_dir_y,thumb_met_dir_z,thumb_pro_st_pos_x,thumb_pro_st_pos_y,thumb_pro_st_pos_z,thumb_pro_ed_pos_x,thumb_pro_ed_pos_y,thumb_pro_ed_pos_z,thumb_pro_dir_x,thumb_pro_dir_y,thumb_pro_dir_z,thumb_mid_st_pos_x,thumb_mid_st_pos_y,thumb_mid_st_pos_z,thumb_mid_ed_pos_x,thumb_mid_ed_pos_y,thumb_mid_ed_pos_z,thumb_mid_dir_x,thumb_mid_dir_y,thumb_mid_dir_z,thumb_dis_st_pos_x,thumb_dis_st_pos_y,thumb_dis_st_pos_z,thumb_dis_ed_pos_x,thumb_dis_ed_pos_y,thumb_dis_ed_pos_z,thumb_dis_dir_x,thumb_dis_dir_y,thumb_dis_dir_z,index_id,index_len,index_wid,index_met_st_pos_x,index_met_st_pos_y,index_met_st_pos_z,index_met_ed_pos_x,index_met_ed_pos_y,index_met_ed_pos_z,index_met_dir_x,index_met_dir_y,index_met_dir_z,index_pro_st_pos_x,index_pro_st_pos_y,index_pro_st_pos_z,index_pro_ed_pos_x,index_pro_ed_pos_y,index_pro_ed_pos_z,index_pro_dir_x,index_pro_dir_y,index_pro_dir_z,index_mid_st_pos_x,index_mid_st_pos_y,index_mid_st_pos_z,index_mid_ed_pos_x,index_mid_ed_pos_y,index_mid_ed_pos_z,index_mid_dir_x,index_mid_dir_y,index_mid_dir_z,index_dis_st_pos_x,index_dis_st_pos_y,index_dis_st_pos_z,index_dis_ed_pos_x,index_dis_ed_pos_y,index_dis_ed_pos_z,index_dis_dir_x,index_dis_dir_y,index_dis_dir_z,middle_id,middle_len,middle_wid,middle_met_st_pos_x,middle_met_st_pos_y,middle_met_st_pos_z,middle_met_ed_pos_x,middle_met_ed_pos_y,middle_met_ed_pos_z,middle_met_dir_x,middle_met_dir_y,middle_met_dir_z,middle_pro_st_pos_x,middle_pro_st_pos_y,middle_pro_st_pos_z,middle_pro_ed_pos_x,middle_pro_ed_pos_y,middle_pro_ed_pos_z,middle_pro_dir_x,middle_pro_dir_y,middle_pro_dir_z,middle_mid_st_pos_x,middle_mid_st_pos_y,middle_mid_st_pos_z,middle_mid_ed_pos_x,middle_mid_ed_pos_y,middle_mid_ed_pos_z,middle_mid_dir_x,middle_mid_dir_y,middle_mid_dir_z,middle_dis_st_pos_x,middle_dis_st_pos_y,middle_dis_st_pos_z,middle_dis_ed_pos_x,middle_dis_ed_pos_y,middle_dis_ed_pos_z,middle_dis_dir_x,middle_dis_dir_y,middle_dis_dir_z,ring_id,ring_len,ring_wid,ring_met_st_pos_x,ring_met_st_pos_y,ring_met_st_pos_z,ring_met_ed_pos_x,ring_met_ed_pos_y,ring_met_ed_pos_z,ring_met_dir_x,ring_met_dir_y,ring_met_dir_z,ring_pro_st_pos_x,ring_pro_st_pos_y,ring_pro_st_pos_z,ring_pro_ed_pos_x,ring_pro_ed_pos_y,ring_pro_ed_pos_z,ring_pro_dir_x,ring_pro_dir_y,ring_pro_dir_z,ring_mid_st_pos_x,ring_mid_st_pos_y,ring_mid_st_pos_z,ring_mid_ed_pos_x,ring_mid_ed_pos_y,ring_mid_ed_pos_z,ring_mid_dir_x,ring_mid_dir_y,ring_mid_dir_z,ring_dis_st_pos_x,ring_dis_st_pos_y,ring_dis_st_pos_z,ring_dis_ed_pos_x,ring_dis_ed_pos_y,ring_dis_ed_pos_z,ring_dis_dir_x,ring_dis_dir_y,ring_dis_dir_z,pinky_id,pinky_len,pinky_wid,pinky_met_st_pos_x,pinky_met_st_pos_y,pinky_met_st_pos_z,pinky_met_ed_pos_x,pinky_met_ed_pos_y,pinky_met_ed_pos_z,pinky_met_dir_x,pinky_met_dir_y,pinky_met_dir_z,pinky_pro_st_pos_x,pinky_pro_st_pos_y,pinky_pro_st_pos_z,pinky_pro_ed_pos_x,pinky_pro_ed_pos_y,pinky_pro_ed_pos_z,pinky_pro_dir_x,pinky_pro_dir_y,pinky_pro_dir_z,pinky_mid_st_pos_x,pinky_mid_st_pos_y,pinky_mid_st_pos_z,pinky_mid_ed_pos_x,pinky_mid_ed_pos_y,pinky_mid_ed_pos_z,pinky_mid_dir_x,pinky_mid_dir_y,pinky_mid_dir_z,pinky_dis_st_pos_x,pinky_dis_st_pos_y,pinky_dis_st_pos_z,pinky_dis_ed_pos_x,pinky_dis_ed_pos_y,pinky_dis_ed_pos_z,pinky_dis_dir_x,pinky_dis_dir_y,pinky_dis_dir_z
